0,3,5,7
0,3,5,7
0,4,5,7
0,4,5,8
0,3,5,7
0,3,5,7
0,3,5,7
0,3,5,7
0,3,5,7
0,3,5,7
0,3,5,8
0,3,5,7
0,3,5,8
0,3,5,8
0,3,5,7
0,3,5,8
0,4,5,7
0,4,5,7
0,3,5,7
0,3,5,7
0,3,6,7
0,3,5,7
0,3,5,7
0,3,6,8
0,3,5,7
0,4,6,7
0,3,6,8
0,3,6,7
0,3,6,8
0,3,5,7
0,3,5,7
0,3,5,7
0,3,5,7
0,3,6,7
0,3,5,8
0,3,5,7
0,3,5,7
0,3,6,8
0,3,6,7
0,4,5,8
0,4,5,7
0,3,6,7
0,3,5,8
0,3,5,7
0,4,6,7
0,3,6,7
0,3,6,7
0,4,5,7
0,3,5,7
0,3,5,7
1,4,6,9
1,4,6,9
1,4,5,9
1,4,6,9
1,4,5,9
1,4,5,9
1,4,6,9
1,4,5,9
1, ,6,9
1,4,6,9
1,4,5,9
1,4,5,9
1,4,5,9
1,4,6,9
1,4,6,9
1,4,5,9
1,4,5,9
1,4,6,9
1,4,6,9
1,4,5,9
1,4,6,9
1,4,5,9
1,4,5,9
1,4,5,9
1,4,6,9
1,4,6,9
1,4,6,9
1,4,5,9
1,4,6,9
1,4,5,9
2,4,6,9
2,4,6,7
2,3,5,9
2,4,5,7
2,4,6,9
2,4,5,8
2,3,6,8
2,3,5,7
2,3,5,7
2,4,6,9
2,3,6,8
2,4,5,7
2,3,5,7
2,4,6,8
2,3,5,9
2,4,5,7
2,4,5,8
2,3,6,9
2,3,5,7
2,4,5,9